Formal,Informal
pertaining to,about
with regard to,about
in order to,to
prior to,before
subsequent to,after
in the context of,in
utilize,use
utilization,use
facilitate,help
demonstrate,show
comprehensive,thorough
approximately,about
endeavor,try
commence,start
terminate,end
sufficient,enough
numerous,many
advantageous,helpful
detrimental,harmful
ascertain,find out
elucidate,explain
necessitate,need
paramount,key
pivotal,key
crucial,important
myriad,many
plethora,lots
multifaceted,complex
intricate,complex
robust,strong
optimal,best
viable,workable
feasible,doable
transformative,major
holistic,complete
synergy,teamwork
paradigm,model
methodology,method
trajectory,path
leverage,use
navigate,handle
cultivate,build
foster,encourage
enhance,improve
augment,boost
mitigate,reduce
ameliorate,improve
delineate,outline
substantiate,back up
corroborate,confirm
scrutinize,examine
encompass,cover
encompasses,covers
indispensable,vital
henceforth,from now on
aforementioned,mentioned
notwithstanding,despite
consequently,so
in the event of,if
at this point in time,now
on a regular basis,often
in close proximity to,near
with the exception of,except for
due to the fact that,because
it is imperative that,must
disseminate,share
remunerate,pay
solicit,ask for
procure,get
expedite,speed up
erroneous,wrong
modify,change
substantial,big
minuscule,tiny
equivalent,same
unambiguous,clear
transparent process,open process
delve into,explore
rich tapestry,blend
testament to,proof of
resonate with,connect with
ever-evolving,changing
embark on,start
underscore,highlight
illuminate,show
unveil,reveal
unravel,solve
harness,use
catalyze,spark
empower,help
spearhead,lead
bolster,boost
optimize,improve
seamlessly,smoothly
nuanced,detailed
profound,deep
quintessential,typical
unparalleled,unmatched
bespoke,custom
overarching,main
dynamic landscape,changing world
furthermore,also
moreover,plus
additionally,also
nevertheless,still
conversely,however
in conclusion,to wrap up
it is worth noting that,note that
shed light on,explain
conducive to,good for
abundant,plenty of
apparent,clear
cognizant of,aware of
ubiquitous,everywhere
superfluous,extra
lucrative,profitable
innovative,new
deficient,lacking
in light of,given
taking into consideration,considering
a significant amount of,a lot of
has the potential to,can
articulate,express
conceal,hide
fabricate,make up
initiate,start
integrate,combine
manifest itself,show up
obfuscate,hide
perceive,see
synthesize,mix
conceptualize,imagine
contextualize,frame
incentivize,reward
operationalize,use
thought leader,expert
value proposition,benefit
bandwidth to,time to
touch base,talk
circle back,follow up
drill down,look closer
low-hanging fruit,easy wins
move the needle,make a difference
pain point,problem
proactive,active
scalable,growable
siloed,isolated
actionable,useful
benchmark,standard
deliverables,results
impactful,strong
key metric,key measure
pivot to,shift to
stakeholder,partner
deep dive,close look
ideate,brainstorm
next-gen,latest
push the envelope,innovate
state-of-the-art,modern
vital role,key part
woven into,part of
a beacon of,a symbol of
realm of,field of
unprecedented,new
unequivocally,clearly
ostensibly,seemingly
efficacious,effective
implement a,set up a
pertain,relate
adjacent to,next to
construct a,build a
formulate,plan
inception,start
magnitude,size
elevate,raise
unleash,release
landscape,world
symphony of,mix of
intricacies,details
catalyst,spark
thrive,succeed
unlock,open
navigating the complexities,handling
fast-paced,quick
tailored,custom
forefront,front
cutting-edge,latest
seamless integration,smooth setup
paradigm shift,big change
brings to the table,offers
indubitably,certainly
salient,main
predicated upon,based on