phrase,category,comment
"Despite these challenges","transition","Common AI transition"
"enhance our overall","filler","Vague enhancement phrase"
"profound impact on various","cliche","Overused impact statement"
"approach that involves","filler","Wordy phrasing"
"raises questions","cliche","Common bridge phrase"
"potential benefits","cliche","Generic benefit statement"
"increasing reliance","cliche","Common trend statement"
"need to thrive","cliche","Dramatic necessity"
"delve into","cliche","Overused AI verb"
"at its core","cliche","Overused emphasis"
"underscore","cliche","Overused AI verb"
"pivotal role","cliche","Overused importance claim"
"shed light on","cliche","Overused metaphor"
"tapestry","cliche","Overused metaphor for complexity"
"nuanced","cliche","Overused descriptor"
"intricate","cliche","Overused descriptor"
"delineate","cliche","Overused verb"
"multifaceted","cliche","Overused complexity descriptor"
"meticulous","cliche","Overused descriptor"
"in today's fast-paced","cliche","Overused intro"
"digital landscape","cliche","Overused setting"
"dynamic world","cliche","Overused setting"
"looming challenges","cliche","Dramatic phrasing"
"it is important to note","filler","Wordy transition"
"it is worth noting","filler","Wordy transition"
"navigating the landscape","cliche","Overused metaphor"
"navigating the complexities","cliche","Overused metaphor"
"based on the information provided","filler","AI refusal/grounding pattern"
"certainly, here are","filler","AI response pattern"
"play a significant role","cliche","Wordy importance claim"
"aims to explore","filler","Academic filler"
"notable examples","cliche","Common listing phrase"
"testament to","cliche","Overused praise"
"game-changer","cliche","Overused hype"
"in the realm of","cliche","Overused setting"
"foster a sense of","cliche","Overused phrasing"
"rich history","cliche","Overused descriptor"
"vibrant community","cliche","Overused descriptor"
"comprehensive overview","cliche","Overused academic phrase"
"seamlessly integrate","cliche","Overused marketing speak"
"unwavering commitment","cliche","Overused praise"
"unparalelled","cliche","Overused hype"
"conclusion","structure","Often redundant header in short text"
"in summary","transition","Overused conclusion starter"
"ultimately","transition","Overused conclusion starter"
"understanding of the underlying","cliche","Overused phrasing"
"pressing concern","cliche","Overused phrasing"